{"accuracy": [0.7804762125015259, 0.8791428804397583, 0.9054285883903503, 0.9269523620605469, 0.9360952377319336, 0.9398095011711121, 0.9434285759925842, 0.9511428475379944, 0.9536190629005432, 0.9564762115478516, 0.960095226764679, 0.9634285569190979, 0.9667618870735168, 0.9698095321655273, 0.9663809537887573, 0.9732381105422974, 0.9692381024360657, 0.9760952591896057, 0.9779999852180481, 0.9783809781074524], "loss": [0.8023149967193604, 0.3239067792892456, 0.24309459328651428, 0.19910165667533875, 0.17159128189086914, 0.1527223140001297, 0.14712485671043396, 0.12526869773864746, 0.11717179417610168, 0.11392790079116821, 0.10437802225351334, 0.0980212539434433, 0.08816307783126831, 0.0798983946442604, 0.08661612868309021, 0.07068692147731781, 0.07908670604228973, 0.06402824819087982, 0.061794474720954895, 0.05967317894101143], "val_accuracy": [0.8933333158493042, 0.9174603223800659, 0.9047619104385376, 0.9193651080131531, 0.9428571462631226, 0.9165079593658447, 0.9561904668807983, 0.9342857003211975, 0.9555555582046509, 0.954285740852356, 0.94349205493927, 0.9657142758369446, 0.9546031951904297, 0.9682539701461792, 0.976190447807312, 0.9641270041465759, 0.9698412418365479, 0.9660317301750183, 0.9822221994400024, 0.9812698364257812], "val_loss": [0.2972840368747711, 0.2458503246307373, 0.23492911458015442, 0.19586685299873352, 0.15050078928470612, 0.17275653779506683, 0.1098470464348793, 0.14653517305850983, 0.10363692045211792, 0.1185111328959465, 0.12468663603067398, 0.08055777102708817, 0.10492201894521713, 0.07778020203113556, 0.05858788266777992, 0.0964142307639122, 0.06892514228820801, 0.08047132939100266, 0.04194056987762451, 0.04661932960152626]}