{"accuracy": [0.6333333253860474, 0.7041904926300049, 0.7291428446769714, 0.7580000162124634, 0.7740952372550964, 0.7928571701049805, 0.8055238127708435, 0.8155238032341003, 0.8304761648178101, 0.8363809585571289, 0.8497142791748047, 0.8471428751945496, 0.8602856993675232, 0.8584761619567871, 0.8667619228363037, 0.8670476078987122, 0.8700000047683716, 0.8666666746139526, 0.876380980014801, 0.8745714426040649], "loss": [0.9889927506446838, 0.6355170011520386, 0.5870906710624695, 0.5313429832458496, 0.5125299096107483, 0.4803933799266815, 0.45452818274497986, 0.4401181638240814, 0.42340368032455444, 0.40766099095344543, 0.38648661971092224, 0.37807872891426086, 0.35265547037124634, 0.3533167541027069, 0.3408930003643036, 0.345339834690094, 0.3297536373138428, 0.3251815736293793, 0.30982181429862976, 0.3151490092277527], "val_accuracy": [0.7904762029647827, 0.7025396823883057, 0.8330158591270447, 0.7628571391105652, 0.8479365110397339, 0.8638095259666443, 0.851111114025116, 0.8361904621124268, 0.8660317659378052, 0.8501587510108948, 0.8803174495697021, 0.8399999737739563, 0.8774603009223938, 0.8615872859954834, 0.868571400642395, 0.8568254113197327, 0.8819047808647156, 0.8571428656578064, 0.8574603199958801, 0.887936532497406], "val_loss": [0.5011603236198425, 0.5988351106643677, 0.42927148938179016, 0.590522825717926, 0.36926111578941345, 0.3438873887062073, 0.37907788157463074, 0.40933290123939514, 0.3522055447101593, 0.3511079251766205, 0.3201616704463959, 0.35467758774757385, 0.2928532361984253, 0.36080241203308105, 0.3394675850868225, 0.32521554827690125, 0.28184187412261963, 0.35267406702041626, 0.3548918664455414, 0.2746701240539551]}