{"accuracy": [0.501714289188385, 0.4944285750389099, 0.5057142972946167, 0.5022857189178467, 0.5041428804397583, 0.5040000081062317], "loss": [3.2128162384033203, 0.6937926411628723, 0.6944625973701477, 0.7015554308891296, 0.6940409541130066, 0.6952175498008728], "val_accuracy": [0.5, 0.5009523630142212, 0.5, 0.4985714256763458, 0.5, 0.5], "val_loss": [0.6931372880935669, 0.6931419372558594, 0.6931523084640503, 0.6932086944580078, 0.6932086944580078, 0.693194568157196]}