{"accuracy": [0.9705714583396912, 0.9882857203483582, 0.9940000176429749, 0.9942857027053833, 0.9954285621643066, 0.9968571662902832, 0.9968571662902832, 0.9972857236862183, 0.996999979019165, 0.9959999918937683], "loss": [0.08476139605045319, 0.031789351254701614, 0.018915727734565735, 0.017569951713085175, 0.013432287611067295, 0.009715995751321316, 0.008812702260911465, 0.010408386588096619, 0.010407418012619019, 0.011822298169136047], "val_accuracy": [0.9923809766769409, 0.9952380657196045, 0.9985714554786682, 0.9971428513526917, 0.9985714554786682, 0.9990476369857788, 0.9980952143669128, 0.9961904883384705, 0.9985714554786682, 0.9985714554786682], "val_loss": [0.01998039335012436, 0.011986326426267624, 0.006152414716780186, 0.006336642894893885, 0.003642139956355095, 0.0053439075127244, 0.005468289367854595, 0.01094434317201376, 0.00518092280253768, 0.004955060314387083]}