{"accuracy": [0.5967142581939697, 0.6672857403755188, 0.697857141494751, 0.718999981880188, 0.7212857007980347, 0.7228571176528931, 0.7338571548461914, 0.756428599357605, 0.7717142701148987, 0.781000018119812, 0.7978571653366089, 0.8109999895095825, 0.8199999928474426, 0.8349999785423279, 0.8347142934799194, 0.8357142806053162, 0.8417142629623413, 0.8534285426139832, 0.850857138633728, 0.8497142791748047], "loss": [0.9798915386199951, 0.6139916181564331, 0.5861944556236267, 0.5491376519203186, 0.5358893275260925, 0.5253673791885376, 0.5197283625602722, 0.49288174510002136, 0.47735631465911865, 0.45987388491630554, 0.45191794633865356, 0.43347370624542236, 0.42761728167533875, 0.40935587882995605, 0.4030262231826782, 0.38559186458587646, 0.3755020201206207, 0.3609430193901062, 0.37224018573760986, 0.3624824583530426], "val_accuracy": [0.6204761862754822, 0.6352381110191345, 0.5361904501914978, 0.715238094329834, 0.741428554058075, 0.7961905002593994, 0.7357142567634583, 0.810952365398407, 0.8028571605682373, 0.761904776096344, 0.8700000047683716, 0.8066666722297668, 0.7523809671401978, 0.8571428656578064, 0.7876190543174744, 0.7814285755157471, 0.8299999833106995, 0.8757143020629883, 0.753333330154419, 0.8700000047683716], "val_loss": [0.6864811778068542, 0.6963934302330017, 0.8323438763618469, 0.5139849781990051, 0.4921484887599945, 0.4770762324333191, 0.5261809229850769, 0.4272661805152893, 0.40508148074150085, 0.4476148188114166, 0.38606980443000793, 0.4500863254070282, 0.4710901379585266, 0.34033551812171936, 0.4423299729824066, 0.40050995349884033, 0.3858596980571747, 0.3160584568977356, 0.46621769666671753, 0.3056344985961914]}