{"accuracy": [0.9231428503990173, 0.9549523591995239, 0.9659047722816467, 0.9752380847930908, 0.9762856960296631, 0.9775238037109375, 0.9785714149475098, 0.9807618856430054, 0.9820952415466309, 0.9831428527832031, 0.9836190342903137, 0.9849523901939392, 0.9851428866386414, 0.9866666793823242, 0.988095223903656, 0.9884762167930603, 0.9894285798072815, 0.9909523725509644, 0.9894285798072815, 0.9896190762519836, 0.9896190762519836, 0.9909523725509644, 0.9920952320098877, 0.9922857284545898, 0.9919047355651855, 0.9899047613143921, 0.9919047355651855, 0.9924761652946472, 0.9940952658653259, 0.9925714135169983], "loss": [0.19744743406772614, 0.11525845527648926, 0.08801876753568649, 0.0714578777551651, 0.06508934497833252, 0.06060219556093216, 0.05862921476364136, 0.04850960150361061, 0.05103766918182373, 0.04333966225385666, 0.04349575191736221, 0.04028424620628357, 0.040640320628881454, 0.03532129153609276, 0.030624866485595703, 0.03254980966448784, 0.03131918981671333, 0.026105893775820732, 0.03004603460431099, 0.025719206780195236, 0.026549406349658966, 0.024549217894673347, 0.021676840260624886, 0.021938707679510117, 0.022791769355535507, 0.026069946587085724, 0.02282726764678955, 0.019648578017950058, 0.017879517748951912, 0.019404388964176178], "val_accuracy": [0.9666666388511658, 0.9612698554992676, 0.9787301421165466, 0.9819047451019287, 0.9831746220588684, 0.9844444394111633, 0.9879364967346191, 0.9806349277496338, 0.9882539510726929, 0.9882539510726929, 0.994603157043457, 0.9800000190734863, 0.9907936453819275, 0.9920634627342224, 0.991428554058075, 0.9949206113815308, 0.994603157043457, 0.994603157043457, 0.9961904883384705, 0.9752380847930908, 0.9952380657196045, 0.9965079426765442, 0.9971428513526917, 0.9917460083961487, 0.9768254160881042, 0.9952380657196045, 0.9977777600288391, 0.9984126687049866, 0.9965079426765442, 0.9968253970146179], "val_loss": [0.0820467621088028, 0.08802827447652817, 0.05241287499666214, 0.04129552096128464, 0.03834584727883339, 0.03160349279642105, 0.025951266288757324, 0.04175587370991707, 0.02477966994047165, 0.025709118694067, 0.018408646807074547, 0.047720395028591156, 0.022904472425580025, 0.018458301201462746, 0.02055628038942814, 0.016418753191828728, 0.016273600980639458, 0.01270583737641573, 0.01053929515182972, 0.06343914568424225, 0.017014704644680023, 0.00885737594217062, 0.008293465711176395, 0.023977281525731087, 0.06989219039678574, 0.010727147571742535, 0.007245305459946394, 0.006034662015736103, 0.0072387875989079475, 0.008944875560700893]}